model,precision,recall,f1,roc_auc
Random Forest,0.9931634555624611,0.7316849816849816,0.8426047983126812,0.9264630453339755
XGBoost,0.9407624633431085,0.7344322344322345,0.8248907174080741,0.9153435723949168
LightGBM,0.9365079365079365,0.7293956043956044,0.8200772200772201,0.9161084919690873
